{
    "name": "esp_sds011",
    "version": "1.1.0",
    "description": "ESP8266/ESP32 library for the SDS011 particulate matter sensor",
    "keywords": [
      "sds011"
    ],
    "repository":
    {
        "type": "git",
        "url": "https://github.com/dok-net/esp_sds011"
    },
    "authors": [
        {
            "name": "Dirk Kaar"
        }
    ],
    "license": "LGPL-2.1+",
    "frameworks": "arduino",
    "platforms": [
        "espressif8266", "espressif32"
    ],
    "dependencies": [
        {
            "name": "EspSoftwareSerial",
            "version": "~7.0.0"
        }
    ]
}
